<keymap version="1" name="KDE updated" parent="$default">
  <action id="Back">
    <mouse-shortcut keystroke="button4" />
    <keyboard-shortcut first-keystroke="shift alt left" />
  </action>
  <action id="CloseContent">
    <keyboard-shortcut first-keystroke="ctrl f4" />
    <keyboard-shortcut first-keystroke="ctrl w" />
  </action>
  <action id="CloseProject">
    <keyboard-shortcut first-keystroke="shift ctrl w" />
  </action>
  <action id="EditorCloneCaretAbove">
    <keyboard-shortcut first-keystroke="shift ctrl up" />
  </action>
  <action id="EditorCloneCaretBelow">
    <keyboard-shortcut first-keystroke="shift ctrl down" />
  </action>
  <action id="EditorSelectWord">
    <keyboard-shortcut first-keystroke="ctrl altGraph w" />
  </action>
  <action id="EditorToggleUseSoftWraps">
    <keyboard-shortcut first-keystroke="alt w" />
  </action>
  <action id="EditorUnSelectWord">
    <keyboard-shortcut first-keystroke="shift ctrl altGraph w" />
  </action>
  <action id="Forward">
    <mouse-shortcut keystroke="button5" />
    <keyboard-shortcut first-keystroke="shift alt right" />
  </action>
  <action id="MoveStatementDown" />
  <action id="MoveStatementUp" />
  <action id="NextEditorTab" />
  <action id="NextOccurence" />
  <action id="NextSplitter">
    <keyboard-shortcut first-keystroke="alt n" />
  </action>
  <action id="NextTab">
    <keyboard-shortcut first-keystroke="ctrl tab" />
  </action>
  <action id="PrevSplitter">
    <keyboard-shortcut first-keystroke="alt p" />
  </action>
  <action id="PreviousEditorTab" />
  <action id="PreviousOccurence" />
  <action id="PreviousTab">
    <keyboard-shortcut first-keystroke="shift ctrl tab" />
  </action>
  <action id="ReopenClosedTab">
    <keyboard-shortcut first-keystroke="shift ctrl t" />
  </action>
  <action id="SplitHorizontally">
    <keyboard-shortcut first-keystroke="alt v" />
  </action>
  <action id="SplitVertically">
    <keyboard-shortcut first-keystroke="alt s" />
  </action>
  <action id="Switcher">
    <keyboard-shortcut first-keystroke="ctrl altGraph tab" />
    <keyboard-shortcut first-keystroke="shift ctrl altGraph tab" />
  </action>
  <action id="VcsShowNextChangeMarker" />
  <action id="VcsShowPrevChangeMarker" />
</keymap>