<application>
  <component name="libraryTable">
    <library name="dataTables.buttons" type="javaScript">
      <properties>
        <sourceFilesUrls>
          <item url="file://$APPLICATION_CONFIG_DIR$/javascript/extLibs/http_cdn.datatables.net_buttons_1.3.1_js_dataTables.buttons.js" />
        </sourceFilesUrls>
      </properties>
      <CLASSES>
        <root url="file://$APPLICATION_CONFIG_DIR$/javascript/extLibs/http_cdn.datatables.net_buttons_1.3.1_js_dataTables.buttons.js" />
      </CLASSES>
      <SOURCES />
    </library>
    <library name="dataTables.select" type="javaScript">
      <properties>
        <sourceFilesUrls>
          <item url="file://$APPLICATION_CONFIG_DIR$/javascript/extLibs/http_cdn.datatables.net_select_1.2.2_js_dataTables.select.js" />
        </sourceFilesUrls>
      </properties>
      <CLASSES>
        <root url="file://$APPLICATION_CONFIG_DIR$/javascript/extLibs/http_cdn.datatables.net_select_1.2.2_js_dataTables.select.js" />
      </CLASSES>
      <SOURCES />
    </library>
    <library name="handlebars" type="javaScript">
      <properties>
        <sourceFilesUrls>
          <item url="file://$APPLICATION_CONFIG_DIR$/javascript/extLibs/http_cdnjs.cloudflare.com_ajax_libs_handlebars.js_4.0.6_handlebars.js" />
        </sourceFilesUrls>
      </properties>
      <CLASSES>
        <root url="file://$APPLICATION_CONFIG_DIR$/javascript/extLibs/http_cdnjs.cloudflare.com_ajax_libs_handlebars.js_4.0.6_handlebars.js" />
      </CLASSES>
      <SOURCES />
    </library>
    <library name="handlebars.runtime" type="javaScript">
      <properties>
        <sourceFilesUrls>
          <item url="file://$APPLICATION_CONFIG_DIR$/javascript/extLibs/http_cdnjs.cloudflare.com_ajax_libs_handlebars.js_4.0.8_handlebars.runtime.js" />
        </sourceFilesUrls>
      </properties>
      <CLASSES>
        <root url="file://$APPLICATION_CONFIG_DIR$/javascript/extLibs/http_cdnjs.cloudflare.com_ajax_libs_handlebars.js_4.0.8_handlebars.runtime.js" />
      </CLASSES>
      <SOURCES />
    </library>
    <library name="jquery" type="javaScript">
      <properties>
        <option name="frameworkName" value="jQuery" />
        <sourceFilesUrls>
          <item url="file://$APPLICATION_CONFIG_DIR$/javascript/extLibs/http_cdnjs.cloudflare.com_ajax_libs_jquery_3.2.1_jquery.js" />
        </sourceFilesUrls>
      </properties>
      <CLASSES>
        <root url="file://$APPLICATION_CONFIG_DIR$/javascript/extLibs/http_cdnjs.cloudflare.com_ajax_libs_jquery_3.2.1_jquery.js" />
      </CLASSES>
      <DOCUMENTATION>
        <root url="http://api.jquery.com" />
      </DOCUMENTATION>
      <SOURCES />
    </library>
    <library name="jquery-ui" type="javaScript">
      <properties>
        <option name="frameworkName" value="jQuery" />
        <sourceFilesUrls>
          <item url="file://$APPLICATION_CONFIG_DIR$/javascript/extLibs/http_cdnjs.cloudflare.com_ajax_libs_jqueryui_1.12.1_jquery-ui.js" />
        </sourceFilesUrls>
      </properties>
      <CLASSES>
        <root url="file://$APPLICATION_CONFIG_DIR$/javascript/extLibs/http_cdnjs.cloudflare.com_ajax_libs_jqueryui_1.12.1_jquery-ui.js" />
      </CLASSES>
      <DOCUMENTATION>
        <root url="http://api.jquery.com" />
      </DOCUMENTATION>
      <SOURCES />
    </library>
    <library name="jquery.dataTables" type="javaScript">
      <properties>
        <sourceFilesUrls>
          <item url="file://$APPLICATION_CONFIG_DIR$/javascript/extLibs/http_cdnjs.cloudflare.com_ajax_libs_datatables_1.10.15_js_jquery.dataTables.js" />
        </sourceFilesUrls>
      </properties>
      <CLASSES>
        <root url="file://$APPLICATION_CONFIG_DIR$/javascript/extLibs/http_cdnjs.cloudflare.com_ajax_libs_datatables_1.10.15_js_jquery.dataTables.js" />
      </CLASSES>
      <SOURCES />
    </library>
    <library name="mustache" type="javaScript">
      <properties>
        <sourceFilesUrls>
          <item url="file://$APPLICATION_CONFIG_DIR$/javascript/extLibs/http_cdnjs.cloudflare.com_ajax_libs_mustache.js_2.3.0_mustache.js" />
        </sourceFilesUrls>
      </properties>
      <CLASSES>
        <root url="file://$APPLICATION_CONFIG_DIR$/javascript/extLibs/http_cdnjs.cloudflare.com_ajax_libs_mustache.js_2.3.0_mustache.js" />
      </CLASSES>
      <SOURCES />
    </library>
    <library name="require" type="javaScript">
      <properties>
        <sourceFilesUrls>
          <item url="file://$APPLICATION_CONFIG_DIR$/javascript/extLibs/http_cdnjs.cloudflare.com_ajax_libs_require.js_2.3.3_require.js" />
        </sourceFilesUrls>
      </properties>
      <CLASSES>
        <root url="file://$APPLICATION_CONFIG_DIR$/javascript/extLibs/http_cdnjs.cloudflare.com_ajax_libs_require.js_2.3.3_require.js" />
      </CLASSES>
      <SOURCES />
    </library>
  </component>
</application>