<application>
  <component name="ProjectManager">
    <defaultProject>
      <component name="InspectionProjectProfileManager">
        <profile version="1.0">
          <option name="myName" value="Project Default" />
        </profile>
        <version value="1.0" />
      </component>
      <component name="JavaScriptSettings">
        <option name="languageLevel" value="ES6" />
      </component>
      <component name="JsBowerSettings">
        <node-interpreter value="project" />
        <bower-package value="/usr/lib/node_modules/bower" />
        <bower.json value="" />
      </component>
      <component name="JsFlowSettings">
        <service-enabled>true</service-enabled>
        <exe-path />
        <other-services-enabled>true</other-services-enabled>
        <auto-save>true</auto-save>
      </component>
      <component name="ProjectDictionaryState">
        <dictionary name="stephanos" />
      </component>
      <component name="ProjectInspectionProfilesVisibleTreeState">
        <entry key="Project Default">
          <profile-state>
            <expanded-state>
              <State />
              <State>
                <id>Angular</id>
              </State>
              <State>
                <id>Django</id>
              </State>
              <State>
                <id>ECMAScript 6 migration aidsJavaScript</id>
              </State>
              <State>
                <id>General</id>
              </State>
              <State>
                <id>JavaScript</id>
              </State>
              <State>
                <id>Python</id>
              </State>
              <State>
                <id>SQL</id>
              </State>
            </expanded-state>
            <selected-state>
              <State>
                <id>PyNestedDecoratorsInspection</id>
              </State>
            </selected-state>
          </profile-state>
        </entry>
      </component>
      <component name="PropertiesComponent">
        <property name="HbShouldOpenHtmlAsHb" value="" />
        <property name="JavaScriptPreferStrict" value="false" />
        <property name="JavaScriptWeakerCompletionTypeGuess" value="true" />
        <property name="node.js.path.for.package.tslint" value="project" />
        <property name="node.js.selected.package.tslint" value="" />
        <property name="nodejs_interpreter_path.stuck_in_default_project" value="/usr/bin/node" />
        <property name="nodejs_npm_path_reset_for_default_project" value="true" />
        <property name="settings.editor.selected.configurable" value="preferences.keymap" />
      </component>
      <component name="SvnConfiguration">
        <configuration>$USER_HOME$/.subversion</configuration>
      </component>
      <component name="VagrantProjectSettings">
        <option name="instanceFolder" value="" />
        <option name="provider" value="" />
      </component>
      <component name="masterDetails">
        <states>
          <state key="ScopeChooserConfigurable.UI">
            <settings>
              <splitter-proportions>
                <option name="proportions">
                  <list>
                    <option value="0.10875" />
                  </list>
                </option>
              </splitter-proportions>
            </settings>
          </state>
        </states>
      </component>
    </defaultProject>
  </component>
</application>