<application>
  <component name="ApplicationTasksOptions">
    <TaskOptions isEnabled="true">
      <option name="arguments" value="scss/$FileName$ css/$FileNameWithoutExtension$.css" />
      <option name="checkSyntaxErrors" value="true" />
      <option name="description" />
      <option name="exitCodeBehavior" value="ERROR" />
      <option name="fileExtension" value="scss" />
      <option name="immediateSync" value="true" />
      <option name="name" value="scss" />
      <option name="output" value="css/$FileNameWithoutExtension$.css" />
      <option name="outputFilters">
        <array />
      </option>
      <option name="outputFromStdout" value="false" />
      <option name="program" value="/usr/bin/sassc" />
      <option name="scopeName" value="Project Files" />
      <option name="trackOnlyRoot" value="true" />
      <option name="workingDir" value="$FileDir$/.." />
      <envs />
    </TaskOptions>
  </component>
</application>