<keymap version="1" name="Mac OS X updated" parent="Mac OS X">
  <action id="CloseContent">
    <keyboard-shortcut first-keystroke="meta f4" />
    <keyboard-shortcut first-keystroke="meta w" />
  </action>
  <action id="CloseProject">
    <keyboard-shortcut first-keystroke="shift meta w" />
  </action>
  <action id="EditorCloneCaretAbove">
    <keyboard-shortcut first-keystroke="shift ctrl up" />
  </action>
  <action id="EditorCloneCaretBelow">
    <keyboard-shortcut first-keystroke="shift ctrl down" />
  </action>
  <action id="EditorSelectWord">
    <keyboard-shortcut first-keystroke="meta alt w" />
  </action>
  <action id="EditorUnSelectWord">
    <keyboard-shortcut first-keystroke="shift meta alt w" />
  </action>
  <action id="GotoTest" />
  <action id="ReopenClosedTab">
    <keyboard-shortcut first-keystroke="shift meta t" />
  </action>
  <action id="RunClass">
    <keyboard-shortcut first-keystroke="shift ctrl f10" />
    <keyboard-shortcut first-keystroke="shift ctrl alt enter" />
  </action>
  <action id="SplitHorizontally">
    <keyboard-shortcut first-keystroke="alt s" />
  </action>
  <action id="SplitVertically">
    <keyboard-shortcut first-keystroke="alt v" />
  </action>
  <action id="Switcher">
    <keyboard-shortcut first-keystroke="meta alt tab" />
    <keyboard-shortcut first-keystroke="shift meta alt tab" />
  </action>
  <action id="Tool_External Tools_black">
    <keyboard-shortcut first-keystroke="f8" />
  </action>
</keymap>